crop_type,soil_type,rainfall,season,irrigation,farm_size,yield_kg_per_ha
wheat,silty,medium,summer,flood,large,4964.74
soybean,peaty,high,fall,rainfed,large,2812.26
soybean,silty,high,winter,rainfed,small,2730.63
wheat,sandy,high,winter,rainfed,medium,3229.84
potato,loamy,high,summer,rainfed,large,40563.49
rice,sandy,low,summer,rainfed,small,3995.24
rice,sandy,medium,spring,drip,small,4158.41
corn,peaty,low,fall,drip,large,7228.13
wheat,clay,medium,summer,flood,medium,4389.64
wheat,sandy,high,summer,sprinkler,medium,3439.14
wheat,sandy,low,winter,flood,small,2876.86
corn,loamy,high,summer,flood,large,10645.6
soybean,sandy,high,winter,flood,small,2869.21
soybean,peaty,high,summer,drip,large,3565.66
soybean,peaty,medium,summer,flood,medium,3244.87
wheat,sandy,medium,spring,rainfed,medium,3062.83
corn,clay,high,winter,rainfed,medium,7599.29
wheat,peaty,medium,summer,rainfed,large,3640.55
rice,silty,medium,winter,rainfed,small,5444.75
potato,silty,high,fall,rainfed,small,37536.09
soybean,loamy,high,spring,sprinkler,small,3434.11
potato,loamy,medium,fall,flood,medium,50053.76
rice,loamy,medium,fall,drip,small,7141.6
wheat,loamy,low,spring,flood,large,4226.69
rice,peaty,low,summer,sprinkler,large,5369.78
corn,sandy,low,spring,flood,small,5019.14
wheat,peaty,medium,summer,sprinkler,medium,4293.19
soybean,sandy,medium,winter,flood,medium,2731.53
corn,silty,medium,winter,sprinkler,medium,8654.07
potato,clay,low,summer,rainfed,medium,30781.78
wheat,silty,high,summer,rainfed,large,4156.56
soybean,clay,medium,fall,rainfed,large,2449.56
wheat,clay,high,fall,rainfed,large,3999.01
corn,sandy,medium,summer,drip,medium,6083.82
rice,silty,low,fall,drip,large,5605.99
wheat,peaty,high,winter,flood,large,5048.35
corn,sandy,medium,summer,flood,small,6954.64
soybean,peaty,high,fall,rainfed,small,2543.06
potato,peaty,medium,spring,sprinkler,large,47804.41
potato,silty,medium,spring,rainfed,medium,38290.03
rice,clay,medium,summer,rainfed,large,5633.68
soybean,loamy,medium,summer,sprinkler,large,3645.28
soybean,sandy,high,winter,drip,medium,2595.97
corn,clay,high,winter,sprinkler,small,8449.28
wheat,sandy,low,summer,rainfed,small,2221.41
wheat,silty,medium,summer,rainfed,small,3351.41
rice,peaty,high,fall,drip,medium,7451.14
wheat,silty,medium,summer,sprinkler,small,4000.41
corn,silty,medium,fall,drip,small,8224.56
soybean,silty,medium,fall,sprinkler,large,3117.27
potato,peaty,high,spring,flood,large,52748.89
rice,silty,high,fall,rainfed,medium,6058.19
rice,peaty,medium,fall,flood,medium,7202.32
soybean,silty,high,summer,drip,small,3259.07
rice,peaty,high,summer,flood,medium,7656.16
rice,clay,low,summer,sprinkler,large,5516.41
soybean,peaty,low,summer,flood,medium,2545.27
wheat,loamy,medium,summer,flood,small,4869.46
corn,loamy,medium,summer,rainfed,small,6735.56
soybean,loamy,high,summer,sprinkler,small,3286.12
potato,loamy,high,fall,flood,medium,52457.3
wheat,clay,high,fall,rainfed,large,3897.76
potato,clay,high,winter,rainfed,small,36515.5
soybean,clay,medium,winter,rainfed,large,2671.6
corn,sandy,high,spring,drip,large,7297.84
wheat,loamy,high,spring,flood,large,5434.03
corn,loamy,high,summer,sprinkler,small,8577.2
corn,sandy,low,summer,drip,large,6274.32
potato,silty,low,winter,drip,small,30955.08
corn,loamy,low,fall,rainfed,small,5518.82
rice,silty,medium,fall,flood,large,6682.62
wheat,sandy,high,winter,sprinkler,medium,3628.09
wheat,peaty,high,winter,rainfed,medium,3951.79
potato,clay,medium,winter,rainfed,medium,34735.87
potato,clay,low,summer,sprinkler,medium,32873.16
soybean,loamy,medium,summer,rainfed,large,2812.59
wheat,clay,high,summer,flood,large,4889.89
soybean,sandy,low,fall,flood,medium,2127.54
potato,clay,high,fall,rainfed,small,35264.56
corn,silty,low,fall,drip,small,6131.86
soybean,loamy,high,fall,flood,small,3562.57
rice,loamy,low,summer,rainfed,large,5204.65
rice,loamy,medium,winter,rainfed,medium,5702.16
wheat,peaty,medium,summer,rainfed,medium,3646.63
soybean,clay,low,fall,flood,medium,2777.34
potato,peaty,high,fall,flood,large,51143.09
rice,silty,medium,fall,sprinkler,medium,6697.85
potato,peaty,low,fall,drip,small,35049.0
wheat,sandy,medium,fall,flood,medium,3310.49
wheat,peaty,medium,fall,drip,medium,4250.21
corn,silty,low,fall,flood,small,6678.87
wheat,sandy,medium,winter,drip,medium,3485.21
soybean,peaty,high,summer,rainfed,small,2596.76
rice,loamy,high,summer,flood,small,7394.2
potato,clay,medium,spring,flood,medium,46050.52
soybean,peaty,medium,summer,rainfed,medium,2423.3
corn,peaty,low,winter,drip,small,6002.45
potato,clay,low,winter,drip,large,33643.4
potato,silty,medium,spring,sprinkler,medium,43528.5
soybean,peaty,high,spring,rainfed,medium,2737.15
wheat,sandy,low,spring,drip,medium,2632.17
rice,loamy,medium,summer,drip,medium,6474.12
corn,silty,medium,summer,drip,large,8500.99
wheat,silty,high,winter,flood,medium,5324.37
wheat,clay,low,summer,sprinkler,medium,3506.3
wheat,clay,medium,fall,rainfed,small,3806.79
corn,clay,medium,spring,sprinkler,medium,7443.29
potato,peaty,medium,fall,sprinkler,small,42690.19
potato,peaty,low,spring,flood,small,32701.07
wheat,silty,high,spring,sprinkler,medium,4726.34
rice,sandy,high,summer,sprinkler,large,5290.42
corn,silty,low,fall,flood,large,7569.7
rice,sandy,low,winter,drip,large,3911.7
corn,clay,low,spring,rainfed,large,5580.02
rice,sandy,high,winter,sprinkler,large,5468.4
corn,clay,high,winter,rainfed,small,6736.72
corn,silty,medium,fall,rainfed,medium,6595.76
soybean,loamy,medium,spring,sprinkler,large,3326.78
soybean,clay,low,spring,flood,large,2693.38
potato,sandy,low,fall,rainfed,large,27871.82
wheat,loamy,high,summer,drip,medium,5207.66
rice,clay,medium,fall,rainfed,medium,5287.39
corn,silty,medium,spring,drip,large,8343.19
wheat,silty,medium,fall,flood,small,4539.86
soybean,sandy,high,summer,sprinkler,large,2657.29
potato,loamy,medium,winter,sprinkler,large,47458.19
wheat,silty,medium,spring,drip,small,4222.63
rice,loamy,high,summer,rainfed,large,6249.26
rice,silty,high,fall,rainfed,medium,6442.8
wheat,loamy,low,spring,flood,medium,3761.47
potato,loamy,low,summer,flood,large,37974.81
wheat,loamy,low,winter,flood,medium,3942.85
wheat,sandy,high,summer,sprinkler,medium,3760.88
rice,peaty,high,fall,drip,small,7018.93
potato,loamy,low,winter,rainfed,small,29061.35
wheat,clay,high,fall,sprinkler,medium,4567.67
soybean,sandy,medium,fall,flood,small,2364.67
wheat,clay,low,summer,rainfed,medium,2506.25
corn,peaty,low,winter,flood,large,7924.88
wheat,peaty,medium,winter,flood,medium,4502.02
rice,peaty,medium,fall,flood,medium,6150.44
potato,sandy,high,summer,rainfed,small,29522.99
corn,sandy,low,fall,sprinkler,small,4731.16
wheat,clay,medium,winter,sprinkler,small,4161.0
rice,silty,low,spring,rainfed,small,3812.42
soybean,loamy,medium,spring,flood,large,3896.64
rice,clay,low,spring,drip,small,4765.98
corn,silty,high,summer,flood,small,8582.45
corn,peaty,low,spring,flood,small,6579.33
corn,sandy,low,fall,rainfed,large,4099.89
rice,loamy,high,winter,drip,medium,7111.49
soybean,peaty,low,spring,rainfed,medium,1988.75
wheat,sandy,medium,fall,flood,medium,3532.32
potato,clay,high,spring,flood,small,48625.0
corn,clay,medium,fall,flood,small,7611.81
rice,silty,low,spring,sprinkler,large,5849.64
soybean,sandy,medium,spring,sprinkler,small,2521.52
potato,sandy,medium,summer,rainfed,small,26908.54
soybean,loamy,low,summer,flood,medium,2915.94
soybean,loamy,high,summer,flood,medium,3869.18
soybean,sandy,medium,spring,rainfed,small,1698.97
wheat,loamy,low,summer,sprinkler,small,3392.96
potato,peaty,high,fall,flood,medium,49852.37
rice,clay,medium,summer,flood,small,5760.47
potato,clay,high,summer,flood,small,45469.02
wheat,clay,low,summer,flood,small,3291.72
rice,silty,low,fall,flood,medium,5881.72
soybean,sandy,high,winter,drip,large,2972.58
soybean,sandy,medium,fall,drip,small,2180.17
soybean,silty,medium,spring,rainfed,small,2489.26
corn,silty,low,summer,rainfed,medium,5917.54
wheat,silty,medium,winter,flood,large,4563.36
soybean,loamy,high,winter,drip,large,3918.82
corn,peaty,high,fall,rainfed,large,7962.49
potato,clay,medium,fall,rainfed,small,33118.07
wheat,clay,high,winter,sprinkler,large,4968.36
soybean,clay,low,summer,rainfed,large,2031.34
rice,loamy,high,summer,flood,small,7702.96
rice,clay,high,winter,flood,small,6732.57
rice,loamy,low,spring,sprinkler,small,5266.44
soybean,clay,medium,winter,drip,small,2906.06
wheat,peaty,low,summer,drip,large,4001.97
soybean,loamy,medium,fall,flood,large,3820.59
rice,loamy,medium,summer,drip,large,7403.89
rice,clay,high,winter,drip,small,6724.34
wheat,peaty,medium,spring,drip,medium,4196.2
potato,clay,medium,fall,flood,small,42934.34
potato,clay,high,spring,sprinkler,small,44133.3
soybean,peaty,medium,fall,rainfed,small,2394.93
rice,sandy,high,summer,drip,small,5428.73
rice,silty,high,spring,drip,small,6842.68
rice,peaty,high,spring,flood,medium,7180.4
soybean,sandy,high,spring,drip,small,2781.17
rice,loamy,high,spring,drip,large,8108.39
soybean,peaty,medium,spring,rainfed,large,2510.31
potato,sandy,high,summer,rainfed,large,32974.89
corn,peaty,low,fall,flood,medium,6643.51
corn,peaty,high,summer,sprinkler,large,8834.83
soybean,loamy,low,winter,drip,large,2859.56
corn,peaty,medium,spring,flood,medium,8261.74
corn,sandy,low,summer,drip,medium,5035.5
rice,loamy,high,winter,drip,large,8185.57
rice,silty,low,spring,rainfed,small,4298.9
wheat,silty,medium,summer,rainfed,medium,3419.75
wheat,silty,medium,summer,rainfed,large,3941.89
wheat,peaty,low,fall,flood,small,3429.0
corn,loamy,medium,spring,sprinkler,medium,8762.97
potato,loamy,low,winter,flood,large,41148.18
soybean,sandy,medium,spring,rainfed,small,1759.59
wheat,peaty,medium,winter,flood,large,4958.88
corn,loamy,low,spring,rainfed,large,6100.28
corn,peaty,medium,spring,flood,large,9405.81
potato,silty,medium,winter,sprinkler,large,46923.61
potato,peaty,medium,winter,rainfed,small,35013.97
soybean,sandy,high,spring,sprinkler,large,2859.92
corn,silty,low,spring,drip,small,6563.51
potato,clay,low,spring,flood,large,39665.96
rice,clay,low,spring,drip,small,4971.32
wheat,sandy,high,summer,drip,small,3522.25
potato,clay,medium,fall,flood,medium,43776.02
potato,sandy,low,winter,sprinkler,medium,25086.64
rice,silty,high,fall,rainfed,small,5726.4
potato,peaty,medium,winter,sprinkler,small,39606.71
rice,peaty,high,spring,drip,small,6882.46
corn,peaty,medium,fall,drip,small,8047.3
soybean,peaty,high,summer,rainfed,small,2674.65
wheat,clay,low,summer,sprinkler,medium,3486.6
soybean,sandy,medium,spring,rainfed,small,1829.61
wheat,sandy,high,spring,flood,large,4286.64
wheat,silty,low,winter,rainfed,small,3040.45
wheat,sandy,medium,fall,sprinkler,large,3435.71
corn,sandy,medium,fall,rainfed,medium,5427.88
soybean,clay,low,spring,sprinkler,small,2149.51
wheat,loamy,medium,fall,drip,small,4492.99
rice,loamy,medium,spring,flood,small,6887.81
corn,loamy,high,fall,drip,medium,9306.55
corn,silty,medium,summer,drip,large,8707.79
rice,silty,low,winter,flood,large,5949.18
potato,silty,medium,summer,drip,small,41061.61
soybean,sandy,high,spring,sprinkler,large,2660.23
wheat,clay,high,fall,drip,large,4754.02
corn,peaty,high,summer,flood,small,9066.02
rice,loamy,medium,winter,drip,medium,6541.36
soybean,clay,high,winter,drip,large,3546.38
potato,sandy,high,fall,flood,medium,39933.02
potato,loamy,low,spring,drip,large,39419.41
rice,clay,low,summer,rainfed,small,4019.83
corn,silty,low,summer,rainfed,small,5575.5
corn,sandy,medium,fall,flood,large,7141.06
potato,peaty,low,spring,sprinkler,small,33737.2
potato,loamy,low,spring,sprinkler,large,38688.28
potato,clay,high,spring,flood,large,51380.96
rice,silty,high,winter,flood,small,7232.66
potato,clay,high,winter,rainfed,large,42178.06
potato,clay,low,fall,rainfed,large,28977.21
soybean,loamy,medium,summer,flood,small,3314.33
wheat,silty,high,spring,sprinkler,small,4456.5
potato,clay,low,spring,flood,medium,36862.13
potato,sandy,high,fall,flood,small,36208.8
potato,loamy,low,fall,rainfed,large,32720.54
wheat,clay,high,spring,sprinkler,small,4389.52
wheat,peaty,high,spring,rainfed,medium,3752.03
rice,peaty,high,fall,drip,small,6700.94
rice,peaty,medium,summer,drip,medium,6271.54
soybean,clay,low,spring,drip,medium,2730.79
soybean,sandy,high,spring,drip,large,2998.38
rice,silty,medium,spring,rainfed,large,5583.73
rice,clay,medium,summer,flood,medium,6221.27
soybean,clay,low,winter,drip,small,2494.49
wheat,loamy,low,summer,rainfed,small,2896.08
corn,clay,high,summer,flood,small,8428.32
wheat,silty,medium,spring,rainfed,small,3166.45
wheat,loamy,medium,spring,flood,medium,4780.44
corn,silty,low,spring,flood,medium,6747.32
rice,silty,medium,summer,sprinkler,small,5558.37
potato,clay,medium,summer,drip,large,43994.77
corn,sandy,high,winter,flood,medium,6783.19
corn,loamy,medium,spring,sprinkler,small,7731.31
potato,peaty,low,spring,flood,medium,34846.87
corn,clay,medium,fall,drip,large,8063.41
rice,peaty,low,spring,sprinkler,small,4605.4
wheat,clay,medium,fall,drip,small,4201.23
soybean,loamy,low,spring,drip,small,2756.66
soybean,loamy,low,fall,rainfed,small,2141.57
potato,clay,high,summer,sprinkler,large,46025.8
wheat,peaty,high,winter,sprinkler,small,4272.14
soybean,sandy,medium,fall,drip,medium,2453.62
rice,silty,low,winter,drip,medium,5214.7
corn,loamy,high,spring,rainfed,large,7822.4
soybean,clay,low,fall,flood,large,2742.97
soybean,sandy,high,winter,drip,medium,2382.64
rice,loamy,high,spring,flood,medium,7844.51
corn,silty,medium,summer,drip,small,7982.23
soybean,loamy,medium,spring,drip,large,3679.52
potato,loamy,high,fall,drip,small,45500.45
corn,loamy,high,summer,drip,large,9522.38
rice,clay,medium,summer,flood,large,6895.39
rice,silty,medium,winter,sprinkler,small,6263.93
soybean,loamy,high,summer,sprinkler,large,3813.6
potato,clay,medium,summer,rainfed,medium,33494.36
potato,clay,low,winter,rainfed,small,26737.4
corn,peaty,low,spring,drip,medium,6489.18
rice,clay,medium,spring,drip,large,6810.9
rice,loamy,low,winter,sprinkler,medium,5655.71
rice,clay,low,summer,sprinkler,small,5035.32
potato,peaty,high,fall,flood,medium,48540.85
potato,clay,low,summer,drip,medium,34496.48
rice,loamy,high,spring,rainfed,medium,6287.05
rice,peaty,low,winter,drip,small,4916.29
corn,peaty,high,fall,sprinkler,large,9097.96
wheat,clay,low,summer,sprinkler,large,3377.19
corn,sandy,medium,summer,sprinkler,large,6451.97
wheat,sandy,medium,fall,flood,large,3861.9
soybean,clay,medium,spring,flood,large,3382.62
corn,peaty,medium,winter,drip,small,7611.96
soybean,peaty,medium,winter,drip,medium,2868.35
corn,loamy,low,spring,rainfed,large,6175.45
rice,peaty,high,spring,flood,small,7253.23
soybean,silty,low,winter,rainfed,large,2399.78
rice,peaty,medium,summer,sprinkler,small,6116.67
wheat,clay,low,spring,rainfed,small,2738.54
potato,clay,medium,fall,rainfed,small,32290.79
rice,loamy,medium,spring,flood,large,7901.77
wheat,clay,medium,summer,rainfed,large,3560.96
wheat,clay,low,winter,sprinkler,large,3560.63
soybean,loamy,medium,spring,drip,medium,3153.25
wheat,clay,low,summer,sprinkler,medium,3451.45
wheat,clay,high,fall,rainfed,large,3984.94
corn,silty,low,fall,flood,medium,6678.4
wheat,sandy,medium,summer,drip,small,2957.46
wheat,clay,medium,spring,sprinkler,large,4391.72
potato,peaty,medium,summer,rainfed,large,37084.29
wheat,silty,high,winter,rainfed,small,3600.08
wheat,silty,high,winter,rainfed,medium,4014.63
potato,clay,low,summer,rainfed,small,26873.7
corn,sandy,medium,fall,flood,medium,6842.01
soybean,sandy,medium,fall,rainfed,large,2049.78
soybean,sandy,low,spring,sprinkler,large,1987.91
corn,sandy,low,winter,rainfed,large,4238.12
rice,clay,high,spring,sprinkler,large,7362.12
rice,clay,low,fall,drip,large,5335.56
wheat,peaty,high,spring,flood,large,5317.93
wheat,silty,medium,winter,drip,small,4517.6
wheat,silty,low,fall,sprinkler,small,3491.95
rice,sandy,medium,fall,rainfed,small,3754.59
soybean,loamy,low,summer,drip,large,2833.82
corn,loamy,high,summer,flood,medium,9734.44
potato,silty,low,spring,drip,medium,34162.56
wheat,loamy,high,summer,flood,large,5485.92
soybean,clay,medium,summer,flood,medium,3076.02
potato,loamy,medium,winter,flood,large,49385.03
soybean,loamy,high,winter,drip,large,3685.11
wheat,loamy,low,summer,sprinkler,large,4009.96
rice,clay,low,summer,rainfed,large,4383.43
rice,sandy,high,spring,sprinkler,medium,5623.08
corn,loamy,low,spring,sprinkler,medium,7327.02
rice,clay,low,winter,sprinkler,medium,4946.06
wheat,peaty,low,summer,rainfed,large,2895.95
wheat,clay,low,fall,rainfed,small,2680.27
corn,clay,medium,winter,flood,medium,8163.23
potato,clay,low,summer,sprinkler,medium,33536.81
wheat,clay,low,spring,drip,medium,3347.43
rice,loamy,high,summer,drip,large,7872.23
soybean,peaty,low,fall,drip,small,2415.16
rice,peaty,low,winter,rainfed,small,4182.3
soybean,silty,low,winter,flood,large,2720.26
potato,loamy,low,summer,sprinkler,large,37793.3
soybean,sandy,medium,summer,flood,large,2686.44
corn,peaty,low,winter,sprinkler,medium,6487.13
wheat,peaty,high,summer,rainfed,small,3560.92
potato,peaty,high,spring,rainfed,small,39201.24
corn,peaty,low,spring,flood,small,6452.36
wheat,loamy,high,summer,sprinkler,medium,4996.75
rice,loamy,medium,spring,rainfed,large,5856.71
soybean,clay,medium,fall,sprinkler,large,3290.7
soybean,clay,medium,spring,rainfed,small,2378.52
wheat,loamy,medium,winter,drip,small,4389.53
soybean,loamy,medium,summer,sprinkler,small,3097.6
potato,loamy,medium,spring,sprinkler,large,46575.75
soybean,sandy,low,summer,sprinkler,medium,1928.35
potato,sandy,medium,spring,flood,small,32476.0
rice,loamy,low,winter,rainfed,large,4888.48
wheat,loamy,high,summer,sprinkler,small,4700.34
wheat,sandy,medium,summer,flood,small,3288.12
potato,silty,high,spring,rainfed,large,42570.82
soybean,loamy,medium,summer,flood,small,3185.75
soybean,sandy,low,summer,rainfed,large,1706.24
wheat,clay,medium,winter,drip,small,3602.6
potato,sandy,low,winter,flood,large,27804.04
rice,peaty,medium,fall,drip,large,6936.89
potato,peaty,low,fall,sprinkler,large,36224.13
corn,sandy,low,fall,sprinkler,medium,5310.05
wheat,clay,medium,spring,rainfed,small,3359.64
wheat,peaty,high,spring,rainfed,medium,3721.6
rice,silty,medium,fall,sprinkler,medium,6501.06
potato,peaty,low,summer,drip,medium,35181.04
soybean,clay,low,summer,rainfed,small,1843.56
potato,sandy,low,winter,flood,medium,29724.54
potato,loamy,medium,spring,rainfed,medium,35540.59
soybean,clay,medium,summer,sprinkler,large,3052.91
rice,sandy,high,spring,sprinkler,medium,5378.26
soybean,loamy,medium,fall,drip,medium,3354.8
potato,silty,medium,spring,flood,small,43379.21
corn,loamy,low,fall,flood,small,7050.82
wheat,silty,low,summer,rainfed,large,3372.97
wheat,sandy,high,fall,flood,large,3797.09
potato,clay,high,fall,sprinkler,large,49798.45
potato,clay,high,spring,drip,medium,46464.31
rice,clay,low,winter,drip,medium,5417.17
wheat,silty,medium,spring,drip,large,4720.13
wheat,clay,medium,summer,flood,small,4113.49
potato,loamy,high,spring,rainfed,small,36452.72
soybean,loamy,medium,winter,sprinkler,large,3335.37
soybean,peaty,medium,summer,flood,medium,3201.67
soybean,clay,high,fall,sprinkler,medium,3222.02
potato,sandy,medium,fall,rainfed,large,31647.92
potato,silty,low,summer,flood,large,38337.22
corn,silty,low,winter,sprinkler,medium,6536.42
wheat,peaty,medium,spring,rainfed,small,3139.15
rice,loamy,high,winter,drip,small,6770.07
corn,sandy,high,winter,drip,medium,6828.28
corn,loamy,high,summer,sprinkler,medium,8757.3
rice,peaty,low,fall,rainfed,medium,3937.28
potato,silty,high,summer,sprinkler,large,49457.42
rice,peaty,low,summer,sprinkler,small,5118.95
potato,sandy,low,fall,sprinkler,medium,26012.48
corn,silty,high,summer,sprinkler,medium,9432.6
corn,loamy,high,fall,drip,medium,9384.23
corn,silty,medium,fall,sprinkler,medium,8308.52
potato,silty,high,spring,sprinkler,large,51228.77
wheat,loamy,low,summer,sprinkler,large,3851.4
corn,clay,low,fall,drip,small,6521.85
corn,silty,high,winter,flood,large,9824.64
potato,sandy,low,spring,sprinkler,large,28844.58
potato,peaty,high,summer,flood,small,45703.8
soybean,peaty,medium,summer,drip,medium,3212.0
wheat,silty,high,spring,drip,medium,5039.03
soybean,silty,medium,winter,flood,large,3373.3
potato,sandy,high,summer,drip,large,36729.44
soybean,silty,low,winter,flood,medium,2535.0
soybean,silty,low,fall,flood,medium,2353.02
corn,loamy,high,fall,rainfed,large,7774.61
soybean,loamy,low,fall,drip,large,2747.8
potato,silty,high,winter,rainfed,small,35799.97
rice,silty,high,summer,sprinkler,small,6338.91
wheat,sandy,medium,spring,flood,medium,3437.77
soybean,clay,low,fall,sprinkler,small,2409.74
soybean,sandy,medium,fall,rainfed,medium,2095.93
soybean,silty,medium,summer,sprinkler,medium,3319.57
corn,silty,medium,winter,rainfed,large,7166.75
potato,peaty,high,spring,flood,medium,49720.96
potato,clay,medium,winter,flood,medium,46372.96
wheat,peaty,medium,summer,rainfed,medium,3841.17
potato,loamy,high,summer,drip,large,56552.33
wheat,sandy,low,fall,drip,large,2968.51
soybean,loamy,high,summer,sprinkler,small,3450.14
potato,peaty,high,fall,rainfed,medium,40897.92
corn,sandy,medium,summer,drip,small,6048.58
potato,loamy,low,winter,rainfed,medium,30950.87
potato,clay,medium,spring,drip,large,43751.01
rice,silty,low,spring,rainfed,large,5149.03
wheat,sandy,low,fall,drip,small,2663.39
potato,loamy,medium,winter,sprinkler,large,48924.62
corn,peaty,medium,spring,sprinkler,small,7659.2
wheat,peaty,high,winter,sprinkler,medium,4634.28
soybean,clay,medium,fall,rainfed,small,2409.09
potato,loamy,high,winter,drip,large,54074.06
potato,sandy,medium,winter,flood,small,32541.14
corn,clay,low,summer,sprinkler,small,6279.51
wheat,silty,low,spring,sprinkler,medium,3534.87
potato,sandy,high,spring,flood,small,40874.62
rice,loamy,high,summer,rainfed,medium,5605.22
potato,clay,medium,winter,drip,large,43678.16
rice,sandy,low,fall,rainfed,large,3950.28
rice,loamy,medium,summer,flood,large,7209.26
potato,clay,medium,spring,flood,medium,42173.11
potato,sandy,medium,fall,drip,small,29296.62
rice,peaty,high,summer,sprinkler,small,6442.9
rice,loamy,medium,spring,drip,large,7080.62
soybean,loamy,high,spring,rainfed,medium,2954.47
potato,peaty,low,winter,sprinkler,large,33429.95
potato,clay,medium,winter,rainfed,small,30962.31
potato,sandy,high,fall,flood,large,40780.94
wheat,silty,high,winter,rainfed,medium,3871.61
wheat,clay,high,fall,rainfed,large,4054.99
corn,peaty,high,winter,drip,medium,8490.05
potato,silty,low,fall,flood,medium,37401.07
rice,peaty,medium,fall,rainfed,large,5404.69
corn,peaty,high,spring,sprinkler,medium,9168.72
potato,sandy,medium,fall,drip,small,32245.61
corn,sandy,low,fall,drip,small,4845.12
corn,peaty,low,spring,rainfed,large,6211.05
potato,sandy,low,winter,rainfed,small,15832.91
potato,silty,low,spring,sprinkler,small,34123.84
rice,clay,medium,fall,flood,medium,6614.83
corn,silty,low,spring,drip,large,6916.47
wheat,peaty,low,spring,sprinkler,large,3508.44
rice,sandy,low,spring,sprinkler,small,3780.52
wheat,loamy,medium,spring,rainfed,small,3818.22
rice,peaty,low,summer,rainfed,small,4319.77
rice,sandy,low,fall,rainfed,small,3443.99
soybean,clay,medium,summer,rainfed,small,2438.51
corn,silty,low,winter,flood,small,6493.11
corn,clay,medium,summer,drip,medium,8290.84
soybean,silty,high,winter,flood,medium,3524.34
wheat,silty,high,spring,flood,medium,5208.31
potato,clay,medium,spring,sprinkler,small,37931.88
soybean,silty,high,spring,sprinkler,medium,3453.17
soybean,sandy,high,fall,sprinkler,medium,2443.26
wheat,peaty,low,fall,rainfed,small,2952.53
soybean,clay,high,spring,rainfed,large,2733.5
rice,clay,high,fall,rainfed,small,5888.93
soybean,clay,medium,summer,drip,small,2873.53
wheat,loamy,low,spring,rainfed,small,2953.89
potato,loamy,high,spring,rainfed,medium,39830.37
potato,silty,low,fall,rainfed,large,33370.37
wheat,peaty,high,summer,drip,small,4671.73
corn,clay,high,fall,rainfed,medium,7182.79
corn,loamy,medium,summer,sprinkler,small,8081.68
wheat,silty,high,fall,sprinkler,small,4232.31
rice,clay,high,winter,rainfed,large,5824.59
rice,peaty,low,fall,flood,medium,5597.22
potato,silty,low,winter,flood,large,42963.26
rice,silty,high,fall,flood,small,6968.35
rice,clay,medium,fall,flood,medium,6453.26
potato,loamy,low,spring,sprinkler,large,42086.76
rice,silty,high,summer,drip,small,6808.3
wheat,peaty,medium,fall,flood,small,4486.06
corn,sandy,high,winter,drip,medium,6513.75
potato,peaty,medium,summer,rainfed,large,38250.6
wheat,sandy,low,summer,rainfed,small,2081.85
soybean,silty,medium,spring,flood,medium,3175.84
potato,sandy,high,spring,flood,small,36189.94
wheat,silty,high,fall,drip,large,5351.53
potato,silty,low,summer,flood,large,38233.06
wheat,silty,high,winter,flood,large,5482.17
wheat,peaty,low,winter,drip,small,3342.74
soybean,silty,high,fall,flood,small,3276.95
soybean,clay,medium,spring,drip,medium,3182.92
wheat,loamy,low,spring,sprinkler,large,3914.82
rice,peaty,low,winter,flood,small,5253.97
corn,silty,high,spring,sprinkler,medium,9208.99
rice,loamy,high,spring,drip,medium,7879.13
wheat,peaty,high,summer,flood,large,4964.53
rice,peaty,medium,winter,sprinkler,small,6169.48
rice,peaty,medium,summer,flood,small,6170.31
potato,clay,low,spring,flood,large,37030.57
rice,clay,low,winter,flood,large,5937.08
wheat,loamy,medium,summer,rainfed,medium,3840.55
rice,sandy,low,winter,sprinkler,medium,3799.56
rice,silty,medium,winter,rainfed,small,4478.03
soybean,sandy,medium,fall,rainfed,medium,2051.07
wheat,loamy,low,winter,flood,small,3700.24
rice,silty,high,summer,flood,large,7988.95
corn,silty,low,summer,sprinkler,medium,5353.6
wheat,silty,medium,fall,flood,large,5095.3
corn,loamy,low,winter,sprinkler,medium,6328.85
corn,clay,medium,winter,drip,large,8700.66
corn,loamy,medium,spring,drip,medium,8613.42
soybean,peaty,low,spring,flood,large,2936.89
rice,peaty,low,winter,sprinkler,small,4645.86
wheat,loamy,medium,spring,rainfed,small,3760.78
potato,sandy,low,fall,sprinkler,large,31149.9
rice,silty,high,spring,sprinkler,large,6851.1
corn,clay,high,spring,drip,medium,8195.29
rice,clay,low,spring,sprinkler,large,5231.76
rice,peaty,medium,fall,sprinkler,large,7123.48
rice,sandy,medium,spring,flood,large,5596.88
rice,sandy,low,summer,flood,small,4717.79
potato,loamy,medium,spring,sprinkler,small,42982.38
potato,peaty,low,summer,drip,large,35175.09
rice,loamy,high,spring,sprinkler,small,6857.4
wheat,sandy,low,winter,sprinkler,small,2826.98
rice,peaty,high,spring,rainfed,small,5295.69
potato,silty,medium,winter,flood,medium,46075.46
corn,clay,high,spring,sprinkler,medium,9051.48
corn,silty,medium,spring,rainfed,large,6852.29
potato,peaty,high,winter,rainfed,large,39009.08
wheat,clay,low,winter,drip,small,3157.6
wheat,loamy,low,fall,sprinkler,small,3739.38
wheat,peaty,low,spring,flood,medium,3602.44
rice,clay,low,spring,rainfed,large,3839.27
soybean,peaty,low,summer,sprinkler,small,2193.85
rice,silty,high,winter,flood,large,8253.44
wheat,peaty,medium,winter,rainfed,small,3579.65
soybean,loamy,high,winter,drip,small,3408.24
rice,sandy,medium,spring,sprinkler,small,5116.15
potato,sandy,medium,winter,flood,large,35229.03
soybean,sandy,low,summer,sprinkler,large,1951.76
rice,clay,high,spring,rainfed,large,6213.24
rice,peaty,high,summer,rainfed,medium,5652.68
wheat,peaty,medium,winter,drip,medium,4488.14
corn,clay,medium,spring,flood,large,8848.93
soybean,silty,medium,winter,rainfed,large,2794.53
rice,peaty,medium,winter,flood,medium,7122.44
wheat,peaty,medium,spring,drip,medium,4447.44
potato,clay,medium,summer,rainfed,small,31738.98
soybean,loamy,high,winter,rainfed,large,3059.38
wheat,sandy,low,spring,drip,small,2828.2
soybean,peaty,high,summer,sprinkler,small,3300.75
potato,clay,low,fall,drip,large,38945.82
rice,clay,low,summer,rainfed,large,4541.04
soybean,silty,medium,fall,sprinkler,medium,3143.38
rice,clay,low,summer,drip,small,4786.92
rice,sandy,high,summer,flood,small,5560.27
wheat,silty,medium,fall,drip,small,4409.55
soybean,loamy,low,spring,sprinkler,large,2570.76
potato,loamy,medium,summer,flood,large,50255.73
potato,clay,high,fall,rainfed,small,33669.86
wheat,clay,medium,spring,rainfed,large,3268.1
potato,peaty,medium,fall,drip,large,44911.61
rice,peaty,high,spring,sprinkler,medium,6967.96
rice,peaty,low,spring,flood,medium,5598.7
wheat,peaty,medium,spring,flood,small,4383.99
rice,clay,high,summer,drip,large,7362.67
soybean,sandy,low,winter,drip,medium,2176.4
corn,loamy,medium,winter,flood,medium,9288.58
soybean,clay,low,fall,flood,medium,2713.43
wheat,loamy,medium,fall,rainfed,medium,3685.03
wheat,silty,high,spring,rainfed,large,4427.59
rice,sandy,low,summer,rainfed,large,3782.25
potato,clay,high,summer,flood,medium,46001.59
soybean,clay,high,winter,flood,medium,3588.84
wheat,loamy,high,fall,rainfed,medium,4023.95
soybean,peaty,low,spring,rainfed,medium,1947.95
soybean,silty,low,winter,flood,large,2700.54
rice,clay,medium,fall,flood,small,6320.81
wheat,silty,high,summer,sprinkler,large,4878.16
rice,loamy,high,summer,sprinkler,medium,7714.98
wheat,loamy,high,winter,rainfed,small,3692.57
corn,sandy,medium,winter,drip,small,6492.77
wheat,sandy,low,winter,rainfed,medium,2105.81
potato,sandy,medium,winter,drip,medium,35860.65
soybean,clay,high,spring,flood,small,3317.24
potato,sandy,high,winter,sprinkler,large,38421.14
corn,clay,medium,fall,sprinkler,small,7816.52
potato,sandy,low,spring,rainfed,small,20188.47
rice,peaty,low,fall,sprinkler,medium,5389.3
wheat,sandy,high,winter,rainfed,small,3002.19
corn,silty,medium,winter,sprinkler,large,8854.65
rice,clay,low,summer,flood,medium,5723.61
soybean,peaty,medium,spring,flood,medium,3306.79
rice,silty,high,winter,sprinkler,medium,6748.96
corn,silty,medium,spring,rainfed,large,7233.31
potato,clay,low,fall,rainfed,medium,26402.84
rice,loamy,high,winter,rainfed,small,5860.02
rice,silty,medium,fall,rainfed,large,5628.57
rice,clay,high,winter,drip,small,6672.6
corn,clay,medium,fall,rainfed,medium,5962.81
corn,clay,low,fall,sprinkler,medium,6897.1
wheat,sandy,high,fall,flood,large,4424.64
potato,sandy,low,summer,flood,small,26203.87
soybean,loamy,high,fall,rainfed,small,3042.92
rice,sandy,high,summer,rainfed,small,4214.49
soybean,loamy,high,winter,flood,large,3887.79
wheat,silty,medium,fall,drip,small,4175.29
corn,sandy,low,fall,sprinkler,large,4653.12
wheat,silty,medium,fall,drip,small,4240.64
rice,loamy,low,fall,flood,large,6148.33
corn,loamy,medium,spring,rainfed,small,7429.2
wheat,silty,medium,summer,sprinkler,medium,4611.25
potato,sandy,low,winter,sprinkler,medium,25641.89
potato,clay,high,spring,flood,medium,46497.5
potato,silty,high,summer,rainfed,small,38916.83
soybean,sandy,medium,fall,sprinkler,small,2123.64
wheat,peaty,low,spring,sprinkler,medium,3152.08
corn,peaty,medium,summer,sprinkler,medium,7776.39
corn,loamy,high,summer,drip,medium,10017.98
wheat,loamy,medium,spring,flood,medium,5009.81
potato,peaty,low,spring,sprinkler,large,38498.16
potato,peaty,medium,winter,flood,large,47582.4
rice,silty,medium,summer,rainfed,large,5786.59
soybean,loamy,low,spring,flood,large,2981.75
soybean,sandy,high,winter,sprinkler,medium,2686.52
rice,peaty,high,fall,rainfed,medium,5675.26
corn,peaty,medium,summer,rainfed,large,6780.32
wheat,sandy,high,spring,drip,small,3616.28
potato,silty,low,fall,drip,large,36541.54
potato,loamy,high,winter,rainfed,large,41999.42
soybean,silty,high,winter,sprinkler,medium,3607.27
potato,peaty,high,winter,rainfed,medium,40114.48
wheat,sandy,medium,winter,sprinkler,medium,3345.89
soybean,peaty,medium,fall,flood,large,3493.68
potato,clay,high,spring,rainfed,large,42229.43
wheat,clay,medium,fall,rainfed,small,3579.37
corn,sandy,low,winter,sprinkler,medium,4912.59
corn,loamy,medium,fall,sprinkler,medium,9038.35
rice,peaty,low,summer,sprinkler,large,5764.55
wheat,silty,medium,fall,drip,large,4825.98
soybean,loamy,low,spring,rainfed,large,2053.77
corn,sandy,high,winter,drip,small,6656.05
wheat,sandy,medium,summer,flood,medium,3764.19
soybean,loamy,high,winter,drip,small,3562.68
corn,silty,high,fall,flood,small,9312.76
rice,silty,medium,winter,sprinkler,medium,6524.12
rice,loamy,low,summer,sprinkler,large,5981.32
corn,sandy,low,spring,flood,small,5128.31
potato,loamy,high,spring,rainfed,medium,39984.07
potato,peaty,medium,winter,sprinkler,large,47103.13
soybean,sandy,medium,summer,rainfed,small,2093.71
corn,silty,high,winter,rainfed,small,7248.09
corn,clay,low,spring,flood,large,6745.63
wheat,sandy,high,winter,rainfed,medium,2909.9
rice,loamy,low,winter,drip,small,5528.93
corn,loamy,low,fall,flood,medium,7014.39
potato,loamy,high,fall,flood,medium,52381.5
soybean,peaty,high,winter,rainfed,large,3046.69
potato,sandy,medium,fall,rainfed,small,24500.54
rice,clay,low,winter,rainfed,small,4075.41
soybean,silty,high,spring,sprinkler,medium,3487.08
wheat,sandy,low,summer,sprinkler,large,2922.97
wheat,peaty,high,winter,rainfed,medium,4112.79
soybean,silty,high,winter,rainfed,small,2717.65
soybean,silty,medium,fall,sprinkler,large,3352.36
wheat,sandy,high,winter,rainfed,large,3158.52
soybean,loamy,high,summer,sprinkler,small,3434.84
wheat,peaty,high,winter,rainfed,large,3986.3
potato,loamy,low,fall,drip,medium,38868.74
potato,loamy,low,fall,drip,large,38708.57
wheat,clay,high,spring,flood,large,5239.1
soybean,loamy,high,fall,rainfed,large,3022.65
potato,peaty,low,winter,flood,medium,35994.23
wheat,silty,low,summer,flood,small,3530.84
soybean,sandy,low,winter,drip,small,1864.19
corn,peaty,low,fall,rainfed,medium,5099.22
potato,sandy,medium,fall,rainfed,medium,28957.96
rice,peaty,medium,summer,flood,medium,6772.56
rice,peaty,low,summer,flood,small,4713.72
soybean,loamy,low,fall,sprinkler,small,2538.41
soybean,loamy,high,winter,flood,small,3533.86
wheat,sandy,high,summer,rainfed,medium,3247.75
soybean,clay,high,spring,rainfed,large,2944.52
wheat,peaty,medium,spring,rainfed,large,4005.95
rice,silty,medium,fall,drip,small,6444.9
soybean,loamy,medium,winter,drip,small,3082.29
rice,loamy,medium,fall,flood,small,7164.3
soybean,sandy,high,summer,rainfed,medium,2327.89
soybean,clay,high,summer,rainfed,small,2511.94
potato,loamy,low,summer,flood,large,40240.92
soybean,loamy,medium,spring,drip,small,3109.96
rice,silty,medium,spring,sprinkler,large,6879.04
corn,loamy,medium,summer,sprinkler,large,8899.68
wheat,silty,medium,summer,rainfed,medium,3812.22
rice,sandy,medium,summer,flood,small,4828.55
soybean,loamy,medium,spring,drip,small,3192.41
wheat,peaty,medium,spring,sprinkler,small,4176.97
corn,clay,low,winter,sprinkler,small,5795.42
soybean,clay,high,winter,drip,large,3487.85
corn,sandy,medium,spring,sprinkler,small,6190.26
wheat,peaty,medium,spring,sprinkler,small,3925.21
corn,peaty,medium,summer,rainfed,medium,5722.68
rice,silty,high,spring,flood,small,6933.05
wheat,loamy,low,spring,drip,small,3691.74
rice,sandy,high,fall,sprinkler,large,5579.95
wheat,loamy,low,fall,sprinkler,large,3675.89
corn,loamy,high,winter,drip,medium,9025.31
potato,clay,high,fall,rainfed,large,38819.8
potato,loamy,low,spring,rainfed,large,36287.66
soybean,sandy,high,fall,drip,medium,2449.16
potato,loamy,high,fall,rainfed,large,43437.67
potato,clay,high,spring,sprinkler,medium,44311.42
wheat,silty,low,summer,flood,medium,3843.36
wheat,clay,medium,summer,drip,large,4444.99
soybean,loamy,medium,fall,rainfed,medium,2981.24
soybean,clay,low,fall,drip,medium,2391.59
corn,peaty,low,fall,sprinkler,large,6980.86
potato,silty,high,winter,flood,medium,50452.94
corn,loamy,high,summer,sprinkler,small,8772.16
soybean,peaty,medium,fall,sprinkler,large,3327.84
wheat,peaty,medium,fall,sprinkler,large,4665.77
rice,sandy,medium,summer,rainfed,medium,4423.56
potato,loamy,high,winter,rainfed,large,43315.65
soybean,silty,low,winter,rainfed,medium,2240.48
potato,peaty,medium,summer,sprinkler,medium,41257.68
rice,loamy,medium,winter,drip,small,6930.98
rice,peaty,high,summer,rainfed,medium,5901.82
potato,loamy,low,winter,sprinkler,medium,34302.77
wheat,clay,low,spring,sprinkler,small,3252.56
potato,loamy,medium,spring,sprinkler,large,50407.01
potato,loamy,medium,fall,rainfed,medium,34328.24
soybean,loamy,medium,winter,drip,large,3330.03
wheat,sandy,high,winter,flood,small,3838.97
potato,peaty,low,summer,sprinkler,small,33551.77
soybean,clay,low,spring,rainfed,small,1820.98
wheat,loamy,high,fall,flood,medium,5385.78
wheat,clay,high,winter,rainfed,medium,3956.68
potato,sandy,high,summer,flood,medium,42113.33
corn,loamy,medium,winter,drip,small,7800.78
wheat,clay,low,spring,rainfed,large,2995.0
corn,loamy,low,winter,flood,large,7909.64
soybean,loamy,low,fall,sprinkler,small,2304.8
wheat,loamy,medium,winter,drip,large,4699.81
wheat,peaty,low,fall,drip,large,3558.6
rice,loamy,medium,spring,drip,large,7471.47
potato,loamy,low,winter,drip,large,41045.15
rice,silty,high,summer,flood,medium,7171.15
wheat,loamy,low,summer,drip,large,3916.58
rice,loamy,high,spring,drip,small,7002.43
wheat,peaty,medium,fall,drip,small,4165.6
potato,silty,medium,summer,rainfed,small,34596.98
corn,sandy,high,summer,rainfed,medium,5987.8
wheat,silty,high,winter,drip,small,4544.96
soybean,silty,low,winter,flood,medium,2584.94
soybean,silty,high,winter,flood,small,3321.74
wheat,sandy,high,summer,sprinkler,medium,3365.3
soybean,silty,high,winter,drip,small,3245.8
wheat,sandy,high,fall,sprinkler,small,3422.12
wheat,silty,low,fall,drip,medium,3307.87
rice,silty,high,winter,rainfed,medium,5590.84
soybean,sandy,medium,summer,sprinkler,medium,2342.72
wheat,silty,medium,fall,flood,large,5022.65
rice,silty,low,summer,flood,medium,5406.42
soybean,peaty,medium,fall,rainfed,large,2443.8
potato,sandy,low,spring,rainfed,medium,23781.68
potato,peaty,medium,winter,rainfed,large,36891.96
potato,clay,medium,summer,flood,small,40956.72
soybean,silty,low,spring,flood,large,2743.73
corn,loamy,high,spring,flood,small,9186.83
corn,peaty,low,summer,rainfed,large,5479.05
potato,loamy,medium,fall,rainfed,large,38896.52
soybean,clay,medium,winter,drip,medium,3147.57
potato,sandy,medium,fall,sprinkler,medium,33980.5
potato,sandy,high,spring,flood,small,39764.84
wheat,clay,high,spring,drip,large,4891.93
rice,loamy,medium,winter,rainfed,medium,5919.61
wheat,clay,high,winter,rainfed,medium,4007.42
rice,peaty,medium,summer,rainfed,medium,5773.69
potato,clay,low,summer,drip,medium,35265.19
corn,peaty,medium,summer,flood,large,9313.83
potato,loamy,high,fall,flood,medium,54627.6
rice,peaty,medium,summer,drip,medium,6765.78
wheat,silty,high,fall,rainfed,medium,4266.46
corn,clay,medium,fall,sprinkler,large,7910.29
corn,peaty,medium,winter,drip,large,8905.69
rice,peaty,low,winter,drip,small,5357.94
rice,clay,medium,spring,rainfed,small,4816.55
rice,peaty,medium,fall,flood,large,7126.74
corn,silty,medium,spring,flood,medium,8778.98
wheat,loamy,high,spring,sprinkler,medium,5488.92
soybean,loamy,high,spring,drip,medium,3968.58
wheat,peaty,low,summer,flood,small,3538.53
wheat,peaty,high,summer,flood,large,5032.42
soybean,sandy,low,fall,rainfed,medium,1495.36
potato,clay,medium,summer,sprinkler,small,39724.79
corn,loamy,high,winter,drip,small,9469.34
wheat,peaty,high,winter,flood,medium,4953.36
rice,silty,medium,summer,rainfed,large,5754.37
potato,clay,low,spring,rainfed,medium,26923.09
corn,clay,low,summer,rainfed,medium,4843.68
rice,silty,medium,summer,flood,large,7209.75
potato,clay,medium,spring,flood,small,37946.72
corn,silty,high,fall,flood,small,9151.42
corn,loamy,high,winter,rainfed,medium,7425.05
potato,sandy,medium,fall,flood,medium,36608.15
soybean,peaty,medium,spring,rainfed,small,2305.1
rice,peaty,high,spring,sprinkler,large,7637.53
soybean,peaty,high,spring,flood,medium,4000.28
rice,peaty,high,spring,sprinkler,small,6681.25
wheat,loamy,high,spring,rainfed,small,3934.6
rice,loamy,high,fall,rainfed,medium,6013.1
wheat,peaty,low,winter,sprinkler,small,3418.06
corn,loamy,high,spring,flood,large,10314.13
potato,silty,medium,winter,rainfed,large,37874.19
rice,clay,low,summer,sprinkler,large,5064.16
potato,sandy,medium,fall,sprinkler,large,34808.3
rice,clay,low,spring,sprinkler,large,5126.46
soybean,peaty,medium,spring,drip,medium,2958.61
potato,peaty,low,spring,flood,small,37672.39
soybean,silty,medium,winter,flood,small,3265.1
wheat,loamy,medium,winter,rainfed,small,3743.38
wheat,silty,high,spring,drip,small,4419.06
rice,silty,low,fall,sprinkler,large,5563.4
wheat,silty,medium,spring,sprinkler,large,4471.59
soybean,silty,low,summer,flood,medium,3058.53
rice,loamy,low,summer,rainfed,large,4567.39
rice,peaty,medium,fall,drip,large,6545.8
rice,sandy,low,fall,drip,large,4283.32
rice,loamy,low,fall,rainfed,small,4076.91
potato,peaty,low,winter,flood,medium,39605.09
wheat,loamy,medium,fall,drip,medium,4586.8
potato,peaty,low,winter,flood,small,36718.75
corn,clay,medium,spring,flood,small,7623.64
soybean,silty,high,summer,drip,medium,3576.42
potato,loamy,low,summer,sprinkler,small,34455.82
soybean,loamy,low,winter,drip,medium,2531.89
rice,sandy,medium,fall,flood,medium,5099.42
soybean,loamy,high,fall,rainfed,large,3025.29
rice,peaty,high,fall,drip,medium,6870.61
potato,silty,high,winter,sprinkler,small,43033.77
potato,peaty,high,summer,drip,large,49884.86
rice,silty,low,fall,sprinkler,small,4488.0
corn,clay,low,spring,rainfed,small,4967.02
rice,silty,medium,summer,drip,medium,6540.16
corn,clay,low,fall,sprinkler,small,5299.45
potato,silty,medium,spring,rainfed,medium,34402.26
wheat,clay,low,summer,drip,small,3308.08
corn,sandy,low,summer,drip,large,5361.47
soybean,sandy,high,summer,rainfed,medium,2038.63
wheat,loamy,medium,winter,flood,large,5315.77
potato,silty,low,winter,rainfed,large,28898.92
soybean,sandy,medium,fall,flood,large,2656.59
corn,loamy,low,winter,flood,large,7469.35
wheat,clay,high,spring,rainfed,small,3502.59
potato,silty,medium,fall,sprinkler,small,43145.39
potato,sandy,low,fall,drip,large,27657.07
potato,loamy,medium,summer,drip,medium,48217.07
potato,clay,medium,spring,rainfed,medium,33929.78
wheat,sandy,low,spring,flood,large,2782.38
corn,peaty,low,fall,flood,small,6385.93
corn,loamy,high,fall,drip,medium,9269.87
soybean,clay,low,fall,rainfed,medium,2119.63
wheat,clay,high,summer,rainfed,medium,4220.06
corn,silty,high,fall,drip,medium,8881.81
potato,silty,medium,fall,rainfed,large,39369.46
potato,sandy,medium,summer,rainfed,large,30333.74
potato,peaty,medium,winter,rainfed,medium,36316.45
soybean,clay,medium,fall,flood,large,3385.21
wheat,peaty,low,winter,flood,large,4025.19
wheat,clay,medium,fall,rainfed,medium,3302.98
wheat,clay,high,spring,drip,medium,4623.55
corn,loamy,medium,summer,flood,medium,9293.76
corn,clay,low,fall,flood,large,7179.12
rice,loamy,medium,fall,sprinkler,medium,6659.64
rice,clay,high,summer,rainfed,large,6111.77
potato,clay,high,spring,sprinkler,large,51004.94
corn,loamy,high,spring,rainfed,small,7462.03
wheat,clay,high,spring,flood,small,4787.18
soybean,loamy,high,spring,sprinkler,small,3363.8
wheat,clay,high,summer,flood,small,4561.51
corn,clay,medium,spring,drip,small,7836.07
wheat,peaty,high,spring,rainfed,large,3900.38
potato,silty,medium,fall,sprinkler,medium,43993.92
corn,clay,medium,winter,sprinkler,medium,7543.73
corn,loamy,low,winter,drip,small,6986.25
soybean,peaty,high,spring,drip,large,3453.01
potato,sandy,high,fall,sprinkler,large,38737.67
rice,clay,medium,fall,rainfed,small,4876.01
potato,loamy,low,winter,flood,medium,39529.91
rice,loamy,medium,summer,rainfed,small,5075.19
potato,clay,medium,fall,rainfed,medium,33330.31
rice,peaty,medium,summer,sprinkler,medium,6399.1
soybean,silty,low,spring,rainfed,medium,2099.19
rice,peaty,low,fall,sprinkler,medium,5156.54
corn,loamy,medium,summer,drip,large,8863.35
soybean,silty,low,fall,rainfed,large,2287.89
rice,silty,medium,winter,rainfed,medium,5383.03
rice,sandy,low,fall,rainfed,medium,3994.1
potato,peaty,low,summer,sprinkler,small,33431.38
corn,clay,low,winter,drip,medium,6600.13
potato,loamy,low,summer,rainfed,medium,29833.56
potato,peaty,medium,summer,flood,medium,46402.81
rice,loamy,medium,fall,rainfed,medium,5575.81
potato,sandy,high,spring,drip,large,39820.41
potato,loamy,low,summer,rainfed,large,33658.38
rice,silty,low,spring,sprinkler,medium,4928.55
corn,silty,high,spring,sprinkler,small,8539.96
corn,clay,medium,fall,drip,large,8643.19
wheat,clay,medium,fall,drip,medium,4555.46
corn,clay,low,spring,sprinkler,small,5726.04
soybean,loamy,low,fall,sprinkler,small,2502.05
potato,sandy,medium,spring,sprinkler,medium,32863.28
corn,loamy,low,fall,sprinkler,large,7170.23
rice,clay,low,summer,drip,small,4579.14
corn,sandy,low,winter,sprinkler,large,5637.9
potato,silty,high,summer,sprinkler,small,45848.49
corn,clay,high,summer,drip,large,9295.48
corn,loamy,medium,fall,sprinkler,small,7980.52
corn,silty,low,summer,drip,large,6627.34
rice,clay,medium,fall,rainfed,large,5631.06
soybean,sandy,low,summer,sprinkler,medium,2090.4
potato,sandy,low,spring,sprinkler,small,25650.5
wheat,silty,low,spring,rainfed,small,2674.09
wheat,clay,low,spring,flood,medium,3859.35
potato,peaty,medium,spring,sprinkler,medium,43334.33
soybean,clay,low,winter,sprinkler,small,2343.0
corn,loamy,low,spring,rainfed,large,6119.58
potato,peaty,high,spring,flood,medium,53868.8
rice,peaty,low,summer,flood,medium,5250.46
potato,silty,low,fall,drip,large,37363.46
rice,sandy,low,fall,flood,large,4668.4
corn,loamy,high,spring,rainfed,small,7627.99
soybean,silty,medium,summer,rainfed,medium,2582.06
rice,silty,low,fall,sprinkler,medium,5188.54
rice,peaty,medium,winter,drip,large,6441.75
wheat,sandy,low,winter,sprinkler,small,2823.78
corn,peaty,low,fall,rainfed,medium,5013.99
rice,sandy,medium,spring,drip,large,5094.68
corn,peaty,low,spring,sprinkler,medium,6426.79
potato,loamy,high,fall,rainfed,large,45299.33
rice,loamy,low,summer,flood,large,6193.06
potato,sandy,high,spring,sprinkler,large,40797.35
corn,peaty,medium,winter,sprinkler,large,8574.66
corn,peaty,high,summer,rainfed,medium,7185.59
soybean,loamy,high,winter,sprinkler,medium,3441.86
corn,clay,low,fall,sprinkler,large,6488.32
potato,clay,high,winter,sprinkler,small,40910.03
potato,sandy,low,spring,rainfed,small,23506.06
potato,peaty,high,summer,flood,large,53844.22
corn,peaty,high,winter,flood,large,9956.12
soybean,silty,low,summer,rainfed,medium,2333.07
